Creative female artist in casualwear using sponge for applying color on paper while working over new abstract painting in workshop,russian girl,https://unsplash.com/photos/creative-female-artist-in-casualwear-using-sponge-for-applying-color-on-paper-while-working-over-new-abstract-painting-in-workshop-BwOVYrOC2LQ
girl in blue hoodie jacket,People images & pictures,https://unsplash.com/photos/girl-in-blue-hoodie-jacket-a4DFcNuByj4
woman sitting on gray stairs,beauty,https://unsplash.com/photos/woman-sitting-on-gray-stairs-LuZiDvXtm4Y
woman in black long sleeve shirt,moscow,https://unsplash.com/photos/woman-in-black-long-sleeve-shirt-h0x1Fde8Ogs
"Portrait of beautiful charming young woman in linen dress with mehendi on hands, eco natural beauty, isolated on white background",henna tattoo,https://unsplash.com/photos/portrait-of-beautiful-charming-young-woman-in-linen-dress-with-mehendi-on-hands-eco-natural-beauty-isolated-on-white-background-daoeibqraqA
woman wearing white tank top,россия,https://unsplash.com/photos/woman-wearing-white-tank-top-xgvSKwchWyI
woman in white coat sitting on chair,Girls photos & images,https://unsplash.com/photos/woman-in-white-coat-sitting-on-chair-61fuE9YcfXs
woman wearing blue and white floral spaghetti-strap dress,oriental,https://unsplash.com/photos/woman-wearing-blue-and-white-floral-spaghetti-strap-dress-gd0qpyteVFY
"Mid age skinny sportswoman exercising outdoor in summer, on gloomy day, standing at the road with scenic view, doing warm up stretching, wearing tank",russia,https://unsplash.com/photos/mid-age-skinny-sportswoman-exercising-outdoor-in-summer-on-gloomy-day-standing-at-the-road-with-scenic-view-doing-warm-up-stretching-wearing-tank-iRwIu4Jiqh4
woman in black hijab taking selfie,russia,https://unsplash.com/photos/woman-in-black-hijab-taking-selfie-i7-XMx8Dzrw
woman in white dress shirt,saint petersburg,https://unsplash.com/photos/woman-in-white-dress-shirt-lN6wKwxmdbI
woman's face,russia,https://unsplash.com/photos/womans-face-cRe4DeHtmsw
"Young blonde woman in dress on Horochowski bridge on the Katun river, Altai mountains",outdoors,https://unsplash.com/photos/young-blonde-woman-in-dress-on-horochowski-bridge-on-the-katun-river-altai-mountains-9e1SkaOxeJI
woman in blue off shoulder dress standing on bridge during daytime,russian girl,https://unsplash.com/photos/woman-in-blue-off-shoulder-dress-standing-on-bridge-during-daytime-IuGLAR4LYZk
smiling woman wearing white and black pinstriped collared top,portrait,https://unsplash.com/photos/smiling-woman-wearing-white-and-black-pinstriped-collared-top-QXevDflbl8A
woman wearing gray coat,Women images & pictures,https://unsplash.com/photos/woman-wearing-gray-coat-JQDflNNnrEE
a woman leaning against a wall wearing a denim vest,healthy hair,https://unsplash.com/photos/a-woman-leaning-against-a-wall-wearing-a-denim-vest-7uYDikB8XGE
woman in white tank top and blue denim shorts,moscow,https://unsplash.com/photos/woman-in-white-tank-top-and-blue-denim-shorts-gNDsuaRMQ6s
woman's face,russian girl,https://unsplash.com/photos/womans-face-a2YKC0uxOaw
woman in red long sleeve shirt smiling,россия,https://unsplash.com/photos/woman-in-red-long-sleeve-shirt-smiling-glc_zkOa-Lc
